<?xml version="1.0" encoding="UTF-8"?>
<project-private xmlns="http://www.netbeans.org/ns/project-private/1">
    <editor-bookmarks xmlns="http://www.netbeans.org/ns/editor-bookmarks/2" lastBookmarkId="0"/>
    <open-files xmlns="http://www.netbeans.org/ns/projectui-open-files/2">
        <group>
            <file>file:/C:/Users/guali/OneDrive/Escritorio/Proyecto_BryanArita_EduardoValdez/Proyecto_BryanArita_EduardoValdez/src/proyecto_bryanarita_eduardovaldez/JFrame.java</file>
            <file>file:/C:/Users/guali/OneDrive/Escritorio/Proyecto_BryanArita_EduardoValdez/Proyecto_BryanArita_EduardoValdez/src/proyecto_bryanarita_eduardovaldez/Matriz.java</file>
            <file>file:/C:/Users/guali/OneDrive/Escritorio/Proyecto_BryanArita_EduardoValdez/Proyecto_BryanArita_EduardoValdez/src/proyecto_bryanarita_eduardovaldez/Proyecto_BryanArita_EduardoValdez.java</file>
            <file>file:/C:/Users/guali/OneDrive/Escritorio/Proyecto_BryanArita_EduardoValdez/Proyecto_BryanArita_EduardoValdez/src/proyecto_bryanarita_eduardovaldez/Lista.java</file>
            <file>file:/C:/Users/guali/OneDrive/Escritorio/Proyecto_BryanArita_EduardoValdez/Proyecto_BryanArita_EduardoValdez/src/proyecto_bryanarita_eduardovaldez/Recursivo.java</file>
        </group>
    </open-files>
</project-private>
